epoch,batch,total_loss,ctc_loss,fairness
1,1,31862.03516,511.83618,62700.3984375
1,2,42.88205,42.88205,0.0
1,3,669.84668,669.84668,0.0
1,4,1873.60608,68.11636,3610.9794922
1,5,229270.04688,411.61414,457716.875
1,6,70909.11719,434.19675,140949.84375
1,7,167465.3125,659.78857,333611.0625
1,8,13349.91602,237.5381,26224.7558594
1,9,110.68122,33.80402,153.7543945
1,10,189.4241,22.79132,333.265564
1,11,86804.90625,328.20178,172953.40625
1,12,180.94847,180.94847,0.0
1,13,162330.20312,642.23419,323375.9375
1,14,88.64742,29.13013,119.0345688
1,15,102897.40625,524.31915,204746.171875
1,16,31.29597,25.56808,11.455761
1,17,2600.60596,105.04357,4991.125
1,18,10828.83594,718.46887,20220.734375
1,19,38181.86328,745.74255,74872.2421875
1,20,21789.89062,256.66257,43066.4570312
1,21,22536.04102,545.33679,43981.4101562
1,22,130590.85156,774.21759,259633.265625
1,23,2521.70801,90.80356,4861.809082
1,24,139204.01562,237.26376,277933.5
1,25,184.57944,36.25053,296.6578064
1,26,255.07767,255.07767,0.0
1,27,573.25494,521.29736,103.9151535
1,28,606.81726,85.51359,1042.6072998
1,29,148.13287,72.32079,151.6241913
1,30,439.98993,439.98993,0.0
1,31,19484.15234,284.77466,38398.7539062
1,32,44780.02344,579.745,88400.5546875
1,33,102.85075,68.87816,67.9451981
1,34,304.01364,54.80291,498.4214478
1,35,14113.18555,353.00427,27520.3632812
1,36,60.86992,24.65607,72.4277039
1,37,104324.9375,161.3719,208327.125
1,38,156.03394,156.03394,0.0
1,39,97.01179,97.01179,0.0
1,40,117.22014,92.70906,49.0221634
1,41,1019.81299,59.68218,1920.2615967
1,42,57849.39062,716.67688,114265.4296875
1,43,4532.58105,130.78616,8803.5898438
1,44,118.25214,81.76505,72.9741898
1,45,14586.91895,202.44257,28768.953125
1,46,777.06226,777.06226,0.0
1,47,359.75516,76.33206,566.8461914
1,48,11571.0625,255.22318,22631.6777344
1,49,222.86023,97.95175,249.8169708
1,50,122834.55469,430.36835,244808.375
1,51,70736.19531,491.12146,140490.140625
1,52,31960.9707,348.30814,63225.3242188
1,53,63721.33203,485.74957,126471.1640625
1,54,393.94763,393.94763,0.0
1,55,59.05596,57.05264,4.0066361
1,56,108.15756,103.724,8.8671217
1,57,19888.55078,291.96878,39193.1640625
1,58,98.46386,98.46386,0.0
1,59,649.54602,120.71536,1057.661377
1,60,54946.99609,286.85196,109320.2890625
1,61,106.25868,106.06429,0.3887971
1,62,18098.71875,194.59888,35808.2382812
1,63,218.35855,218.35855,0.0
1,64,902.2511,87.89537,1628.7114258
1,65,27896.08008,302.09375,55187.9726562
1,66,281.03787,281.03787,0.0
1,67,3057.98584,185.58249,5744.8066406
1,68,15534.46387,264.37445,30540.1796875
1,69,8638.64551,212.65991,16851.9707031
1,70,15597.64355,294.96649,30605.3535156
1,71,38427.39844,410.63116,76033.53125
1,72,11158.78711,291.08148,21735.4121094
1,73,15155.86328,297.63824,29716.4492188
1,74,922.51147,366.72021,1111.5825195
1,75,1315.95215,475.39636,1681.1115723
1,76,40224.30469,406.91458,79634.78125
1,77,292.37064,292.37064,0.0
1,78,34192.87891,308.86292,67768.03125
1,79,41380.64844,378.66382,82003.96875
1,80,2690.41772,182.19623,5016.4428711
1,81,179.44101,179.44101,0.0
1,82,28673.23438,267.96191,56810.5429688
1,83,44648.5625,459.09109,88378.9453125
1,84,22091.69727,185.15027,43813.09375
1,85,23652.65234,531.87012,46241.5625
1,86,258.40305,250.84244,15.1212234
1,87,1964.29834,269.72345,3389.1496582
1,88,163.19974,163.19974,0.0
1,89,493.73529,181.85526,623.7600708
1,90,305.85458,304.07019,3.5688057
1,91,1813.29333,327.01645,2972.5537109
1,92,43316.03516,356.35059,85919.3671875
1,93,30216.14453,455.3822,59521.5234375
1,94,84530.48438,489.45557,168082.0625
1,95,329.11249,329.11249,0.0
1,96,51218.95312,393.04816,101651.8125
1,97,29959.32227,522.77698,58873.0898438
1,98,309.79279,309.79279,0.0
1,99,4546.62012,446.0462,8201.1474609
1,100,8262.94824,399.12103,15727.6542969
1,101,184.76906,49.11225,271.3136292
1,102,9853.00293,340.32251,19025.3613281
1,103,5771.15576,326.82996,10888.6513672
1,104,1080.19653,321.54114,1517.3109131
1,105,18065.6582,615.76251,34899.7929688
1,106,1888.90967,303.61935,3170.5805664
1,107,535.05176,272.20679,525.6899414
1,108,31094.64258,361.79608,61465.6914062
1,109,44313.47656,376.8175,87873.3203125
1,110,473.35535,253.68384,439.3430176
1,111,12061.2002,393.6684,23335.0644531
1,112,17503.16602,309.75256,34386.828125
1,113,12629.95703,475.61133,24308.6914062
1,114,5808.02051,343.85626,10928.328125
1,115,262.3157,259.12347,6.3844662
1,116,210246.48438,399.87228,419693.21875
1,117,3865.69727,336.68716,7058.0200195
1,118,353.22665,353.22665,0.0
1,119,6802.01367,490.14081,12623.7460938
1,120,8094.46924,241.06839,15706.8017578
1,121,3643.17578,359.98859,6566.3745117
1,122,114582.07812,295.53925,228573.078125
1,123,417.37622,417.37622,0.0
1,124,921.05444,519.6225,802.8638916
1,125,408.10294,406.04016,4.1255336
1,126,5520.31152,422.88162,10194.859375
1,127,366.47247,359.13312,14.6786804
1,128,3045.69604,436.79126,5217.8095703
1,129,407.62134,407.62134,0.0
1,130,955.5744,405.78223,1099.5843506
1,131,394.44467,372.13873,44.611866
1,132,29089.03906,443.43542,57291.2070312
1,133,10400.00293,419.33331,19961.3398438
1,134,6023.94629,462.52515,11122.8417969
1,135,10861.24121,541.76147,20638.9589844
1,136,30710.6543,297.65952,60825.9882812
1,137,830.30054,426.41235,807.7763672
1,138,8177.08691,268.03491,15818.1044922
1,139,758.22107,381.85419,752.7337646
1,140,55082.12891,350.92053,109462.4140625
1,141,3970.79248,317.02869,7307.527832
1,142,815.76068,312.5144,1006.4925537
1,143,17443.55078,325.85864,34235.3828125
1,144,287.75797,287.75797,0.0
1,145,518.24011,518.24011,0.0
1,146,417.90836,417.90836,0.0
1,147,401.21796,41.32763,719.7806396
1,148,1548.76428,118.27177,2860.9851074
1,149,4021.38477,328.30417,7386.1611328
1,150,395.93652,395.93652,0.0
1,151,411.45074,411.45074,0.0
1,152,1723.66528,506.90259,2433.5253906
1,153,4993.70508,417.97803,9151.4541016
1,154,6217.99805,426.20654,11583.5830078
1,155,2248.80371,406.67218,3684.2629395
1,156,309.37854,237.53304,143.6910248
1,157,6088.16748,374.78604,11426.7626953
1,158,395.51562,378.89398,33.2432938
1,159,158.23619,100.88797,114.6964417
1,160,15914.29102,490.74796,30847.0859375
1,161,3074.38647,422.44931,5303.8745117
1,162,549.14587,549.14587,0.0
1,163,40531.48047,444.72318,80173.515625
1,164,200.88522,200.88522,0.0
1,165,380.06326,349.88138,60.3637848
1,166,3215.32568,284.75302,5861.1455078
1,167,4116.18896,425.1557,7382.0668945
1,168,23766.91406,539.39355,46455.0429688
1,169,2367.51245,360.3287,4014.3676758
1,170,560.53229,407.31686,306.4308167
1,171,1387.45837,438.95447,1897.0078125
1,172,392.73911,387.50369,10.4708138
1,173,8159.69531,290.36258,15738.6650391
1,174,2957.89673,407.74399,5100.3056641
1,175,10860.98828,311.74811,21098.4804688
1,176,2247.3269,469.27811,3556.0976562
1,177,428.31247,428.16406,0.2967941
1,178,2704.12769,425.22208,4557.8110352
1,179,1410.2616,405.72583,2009.0715332
1,180,3539.16382,431.04352,6216.2407227
1,181,694.90808,458.94797,471.920166
1,182,871.67584,288.74469,1165.8623047
1,183,436.1272,436.1272,0.0
1,184,28632.02148,143.46942,56977.1054688
1,185,756.61786,417.69299,677.8497314
1,186,2689.55908,233.71036,4911.6972656
1,187,372.62073,372.62073,0.0
1,188,556.75739,407.6709,298.1730042
1,189,424.14532,424.14532,0.0
1,190,149.5834,49.54567,200.0754547
1,191,10886.80078,245.30244,21282.9960938
1,192,5437.03662,472.11682,9929.8398438
1,193,2641.06372,398.18207,4485.7631836
1,194,1125.26611,430.48718,1389.5577393
1,195,855.7063,512.00549,687.4016113
1,196,9929.99512,306.99799,19245.9941406
1,197,8818.1416,541.88159,16552.5195312
1,198,655.70508,386.80786,537.7944946
1,199,1269.05273,280.18887,1977.7276611
1,200,5083.43213,570.35828,9026.1474609
1,201,4241.99805,424.8454,7634.3056641
1,202,509.28735,509.28735,0.0
1,203,375.98694,375.98694,0.0
1,204,189290.875,557.11707,377467.53125
1,205,891.91772,345.82236,1092.1906738
1,206,12573.34082,527.01892,24092.6445312
1,207,469.79041,299.28387,341.013092
1,208,11813.73828,466.71994,22694.0371094
1,209,545.71039,435.77258,219.8755951
1,210,1923.5553,423.96225,2999.1860352
1,211,5195.80664,290.03928,9811.5351562
1,212,2152.68018,446.03308,3413.2939453
1,213,12287.39258,478.42645,23617.9316406
1,214,395.24301,395.14005,0.2059242
1,215,1546.255,420.14539,2252.2192383
1,216,475.44522,475.44522,0.0
1,217,3420.95532,336.31851,6169.2734375
1,218,645.09277,474.84195,340.5016174
1,219,647.84863,392.4552,510.7868652
1,220,346.97592,346.26379,1.4242401
1,221,3225.29492,476.95718,5496.675293
1,222,8021.68994,298.65533,15446.0693359
1,223,402.34702,375.80399,53.0860596
1,224,2284.50464,461.40903,3646.1911621
1,225,1050.44849,389.50528,1321.8864746
1,226,200.28435,191.07028,18.4281445
1,227,224.13078,224.13078,0.0
1,228,42988.89844,445.15216,85087.4921875
1,229,8936.24805,284.55716,17303.3808594
1,230,2300.52295,512.47571,3576.0947266
1,231,49076.08203,372.78339,97406.59375
1,232,10286.76855,273.03406,20027.46875
1,233,1527.34009,354.48236,2345.715332
1,234,1226.72083,403.59497,1646.251709
1,235,8627.35645,388.20679,16478.2988281
1,236,257.37216,257.37216,0.0
1,237,521.64008,395.81943,251.6412811
1,238,2892.51294,448.12372,4888.7783203
1,239,788.0238,384.52679,806.9939575
1,240,1581.00684,423.59222,2314.8293457
1,241,262.6199,258.77701,7.6857653
1,242,772.79102,420.23843,705.1051025
1,243,1668.65918,495.84436,2345.6296387
1,244,383.95892,383.95892,0.0
1,245,1032.58215,412.13922,1240.8858643
1,246,7988.35742,473.97095,15028.7734375
1,247,19246.5918,526.26758,37440.6484375
1,248,7319.41846,464.94485,13708.9472656
1,249,754.23016,374.43884,759.5826416
1,250,17413.2168,339.81729,34146.8007812
1,251,1110.31201,488.06543,1244.493042
1,252,7459.34766,418.0676,14082.5605469
1,253,4193.43799,354.75641,7677.362793
1,254,430.59247,399.59976,61.9853859
1,255,546.87012,329.54025,434.6596985
1,256,637.92706,476.02148,323.8111877
1,257,678.02142,442.01447,472.0139465
1,258,514.32812,514.32812,0.0
1,259,1357.68201,182.40469,2350.5546875
1,260,475.64017,411.90894,127.4624786
1,261,1781.44531,492.08456,2578.7214355
1,262,4952.35986,427.10623,9050.5068359
1,263,2363.63623,418.63605,3890.0004883
1,264,13006.49512,530.59473,24951.8007812
1,265,791.32593,453.41663,675.8185425
1,266,501.96967,484.49948,34.9403419
1,267,1498.01147,469.25995,2057.5031738
1,268,1703.13013,506.81219,2392.6359863
1,269,6037.0293,517.13538,11039.7880859
1,270,603.40839,603.40839,0.0
1,271,3693.48291,536.87646,6313.2128906
1,272,530.68158,506.85895,47.6452789
1,273,557.08069,515.11188,83.9375839
1,274,1937.22461,403.10675,3068.2355957
1,275,487.35931,452.27805,70.1625137
1,276,1611.56543,514.56769,2193.9956055
1,277,606.79712,519.66248,174.2693176
1,278,481.60413,405.72821,151.7518311
1,279,4158.77344,546.41064,7224.7255859
1,280,409.07916,409.07916,0.0
1,281,4878.06836,109.11396,9537.9091797
1,282,445.91284,445.91284,0.0
1,283,557.93964,471.1701,173.5391083
1,284,2196.60693,469.08954,3455.0349121
1,285,1716.98853,515.84192,2402.2932129
1,286,6137.61621,563.78479,11147.6630859
1,287,472.19452,472.19452,0.0
1,288,2970.229,522.70642,4895.0449219
1,289,1270.83374,475.84094,1589.9857178
1,290,502.04959,502.04959,0.0
1,291,541.26282,421.52441,239.4768219
1,292,429.50021,429.50021,0.0
1,293,507.40826,507.40826,0.0
1,294,89309.85156,447.14771,177725.40625
1,295,7239.72754,561.40918,13356.6367188
1,296,1732.37634,592.01978,2280.7131348
1,297,233.35896,233.34787,0.0221733
1,298,709.22534,460.52368,497.4033813
1,299,640.70514,472.18762,337.0350647
1,300,208.79901,208.79901,0.0
1,301,525.37714,479.30957,92.1350937
1,302,21892.26953,527.16809,42730.203125
1,303,489.92731,489.92731,0.0
1,304,355.6748,355.6748,0.0
1,305,1187.06653,485.82462,1402.4837646
1,306,403.18393,399.38174,7.6043811
1,307,735.45624,347.70657,775.4993286
1,308,52403.21875,403.1232,104000.1875
1,309,3349.97168,511.3385,5677.2661133
1,310,555.09253,472.46756,165.2499695
1,311,6625.20557,521.27502,12207.8613281
1,312,5935.75635,486.78406,10897.9443359
1,313,463.72748,422.42075,82.6134949
1,314,7401.10596,179.81627,14442.5791016
1,315,3727.68506,320.97446,6813.4213867
1,316,1357.04224,406.4967,1901.0909424
1,317,1929.427,538.95294,2780.9482422
1,318,561.0564,316.5332,489.0463867
1,319,474.65021,474.65021,0.0
1,320,1896.72302,458.83496,2875.776123
1,321,1607.07703,449.79208,2314.5698242
1,322,1053.97559,543.02081,1021.9096069
1,323,53179.83203,344.78812,105670.0859375
1,324,412.68661,412.68661,0.0
1,325,1336.15564,400.87634,1870.5585938
1,326,822.3916,452.56955,739.644165
1,327,431.46198,417.82455,27.2748184
1,328,4752.12939,478.94916,8546.3603516
1,329,895.85339,104.78046,1582.145874
1,330,447.15643,340.16107,213.9907532
1,331,982.63538,443.93314,1077.404541
1,332,439.51151,425.56378,27.8954449
1,333,2117.07324,450.0127,3334.1208496
1,334,13966.33008,327.20828,27278.2441406
1,335,16610.39258,332.09198,32556.5996094
1,336,1111.08228,454.82162,1312.5212402
1,337,9323.69629,519.54968,17608.2929688
1,338,13082.22949,538.49573,25087.4667969
1,339,442.17493,442.17493,0.0
1,340,13415.37207,393.44727,26043.8496094
1,341,340.18579,340.18579,0.0
1,342,567.90753,462.02951,211.7559967
1,343,2247.29932,431.52966,3631.5390625
1,344,2532.13623,501.70673,4060.8591309
1,345,17261.32227,274.67841,33973.2890625
1,346,504.20642,426.00421,156.4044037
1,347,384.56958,368.05203,33.0350914
1,348,742.80371,325.71463,834.1782227
1,349,1972.8877,432.8714,3080.0327148
1,350,2200.68213,468.86441,3463.6352539
1,351,8659.91797,552.68964,16214.4560547
1,352,445.54184,344.7229,201.6378632
1,353,47204.56641,324.77612,93759.578125
1,354,1029.14685,490.38718,1077.5192871
1,355,13062.66113,337.70053,25449.921875
1,356,490.06656,446.70343,86.7262344
1,357,1968.83618,523.19354,2891.2851562
1,358,9148.81641,529.65088,17238.3320312
1,359,427.04572,427.04572,0.0
1,360,58833.92969,362.71234,116942.4375
1,361,839.02179,453.57507,770.8934326
1,362,457.35757,439.89148,34.9321785
1,363,526.99182,413.93414,226.1153564
1,364,447.57153,447.57153,0.0
1,365,11322.43457,630.09241,21384.6835938
1,366,911.32495,447.83466,926.9805298
1,367,2519.12671,446.33771,4145.578125
1,368,2744.53564,522.15192,4444.7675781
1,369,5924.84131,554.05139,10741.5800781
1,370,3057.29053,442.91336,5228.7543945
1,371,509.82388,427.32092,165.0059357
1,372,3171.0896,522.13599,5297.9072266
1,373,755.40607,462.3949,586.0223389
1,374,864.29669,385.36841,957.8565674
1,375,5021.29053,502.72318,9037.1347656
1,376,7532.92578,526.42914,14012.9931641
1,377,1376.54431,440.79083,1871.506958
1,378,446.56409,428.09637,36.9354477
1,379,473.55182,469.06308,8.9775047
1,380,22998.92773,494.12457,45009.6054688
1,381,1844.0575,517.51562,2653.0837402
1,382,640.98395,167.95432,946.0592651
1,383,825.38757,471.22992,708.3153076
1,384,790.08557,480.64865,618.8739014
1,385,2512.96484,559.97931,3905.9711914
1,386,518.26514,460.75894,115.0123444
1,387,1177.47437,527.87164,1299.2054443
1,388,1638.83301,551.06024,2175.5454102
1,389,572.60895,484.29553,176.6268311
1,390,5711.78564,607.67139,10208.2285156
1,391,556.4776,492.51028,127.9345779
1,392,1413.52869,539.4718,1748.1137695
1,393,616.38269,562.72333,107.3187637
1,394,864.91583,502.95789,723.9158936
1,395,329.83942,227.76442,204.1500244
1,396,764.29077,521.75488,485.0717163
1,397,3289.66431,545.35034,5488.6279297
1,398,692.57098,536.55359,312.03479
1,399,420.87823,406.6424,28.471674
1,400,5489.3125,615.46765,9747.6894531
1,401,549.37262,523.14075,52.463707
1,402,2838.24146,510.88431,4654.7143555
1,403,41451.30078,451.96603,81998.671875
1,404,567.30371,527.00671,80.5940018
1,405,86675.75,440.48764,172470.53125
1,406,548.92346,548.92346,0.0
1,407,591.51227,591.50403,0.0164413
1,408,1019.97119,614.05713,811.828064
1,409,588.0368,546.36328,83.3470993
1,410,81317.03906,471.13992,161691.796875
1,411,468.2355,466.39142,3.6881716
1,412,559.83807,559.83807,0.0
1,413,2535.70996,543.32251,3984.7751465
1,414,729.04529,522.92725,412.236084
1,415,539.38074,514.85291,49.0557098
1,416,566.66071,506.89633,119.5287857
1,417,9136.1377,428.7291,17414.8164062
1,418,6177.56934,388.22089,11578.6972656
1,419,1721.3219,439.10583,2564.4321289
1,420,7084.51074,588.16455,12992.6923828
1,421,1895.15723,477.09399,2836.1264648
1,422,30720.125,261.78476,60916.6796875
1,423,690.26294,510.59918,359.3274536
1,424,1451.4292,446.79959,2009.2591553
1,425,501.41541,501.41541,0.0
1,426,1129.18713,430.92001,1396.5341797
1,427,8279.03711,561.3385,15435.3974609
1,428,350.95526,350.95526,0.0
1,429,32530.00391,505.42093,64049.1640625
1,430,594.17078,445.36621,297.6091003
1,431,366.827,366.827,0.0
1,432,773.52344,318.00623,911.0344849
1,433,355.77756,355.77756,0.0
1,434,3656.36719,238.78412,6835.1660156
1,435,754.03424,492.73315,522.6021729
1,436,1918.12842,468.45099,2899.3549805
1,437,975.367,609.29547,732.1430664
1,438,882.43811,452.15613,860.5640259
1,439,6797.37598,380.98373,12832.7841797
1,440,474.77811,347.56555,254.4251099
1,441,2269.24121,436.38712,3665.7080078
1,442,46424.94141,475.40771,91899.0703125
1,443,1103.61206,356.25171,1494.7205811
1,444,2960.89844,384.36151,5153.0737305
1,445,5439.84814,700.72205,9478.2519531
1,446,383.03928,377.5477,10.983181
1,447,24533.35938,565.38574,47935.9453125
1,448,405.70685,405.27139,0.8709277
1,449,4879.33691,503.31525,8752.0429688
1,450,493.46014,390.90311,205.1140747
1,451,2922.17432,410.56567,5023.2172852
1,452,2691.94556,448.71149,4486.4682617
1,453,724.29993,377.4855,693.6289062
1,454,534.43939,534.43939,0.0
1,455,1426.85791,398.30316,2057.1096191
1,456,522.32922,347.55878,349.5408936
1,457,545.18573,530.43591,29.4995823
1,458,605.6358,456.33685,298.5979309
1,459,5326.73047,460.11633,9733.2285156
1,460,1165.6145,412.005,1507.2191162
1,461,497.13504,497.13504,0.0
1,462,2108.35156,436.67786,3343.3476562
1,463,754.26105,403.55063,701.4208374
1,464,666.72449,559.76923,213.9105682
1,465,676.43604,434.39423,484.0836487
1,466,405.87448,403.99045,3.7680855
1,467,367.1123,367.1123,0.0
1,468,686.8606,362.49518,648.7307739
1,469,766.16791,390.3757,751.5844116
1,470,454.19,433.11578,42.1484604
1,471,51905.125,532.43774,102745.375
1,472,9906.17188,514.35059,18783.6425781
1,473,6383.78223,519.51727,11728.5302734
1,474,526.0343,526.0343,0.0
1,475,48097.62891,327.84451,95539.5703125
1,476,929.38367,618.83661,621.0940552
1,477,459.93381,459.93381,0.0
1,478,581.50256,399.47458,364.0559998
1,479,416.15305,414.75519,2.7957234
1,480,576.94708,418.06885,317.7564392
1,481,490.48798,390.2843,200.4073181
1,482,2207.45923,468.02591,3478.8664551
1,483,423.86938,423.65967,0.4194584
1,484,517.87054,415.15891,205.423233
1,485,529.79456,409.71057,240.1679077
1,486,51452.09375,339.12268,102225.9453125
1,487,695.11475,415.36493,559.4996338
1,488,416.03827,416.03827,0.0
1,489,428.97519,417.66724,22.6159325
1,490,10305.09277,565.34308,19479.5
1,491,460.75961,460.75961,0.0
1,492,36996.58594,454.5882,73083.9921875
1,493,376.80847,364.37537,24.8662262
1,494,8520.04785,495.72543,16048.6445312
1,495,531.7373,382.78232,297.9099731
1,496,540.71771,412.41479,256.6058044
1,497,360.4368,306.56931,107.7349625
1,498,7778.24463,451.71158,14653.0664062
1,499,408.45801,393.92459,29.0668221
1,500,1502.70068,440.0835,2125.234375
2,1,592.43646,475.72852,233.4159393
2,2,405.2171,405.2171,0.0
2,3,9561.89648,312.91669,18497.9589844
2,4,419.65979,418.76764,1.7842901
2,5,937.86237,418.13354,1039.4576416
2,6,504.79709,389.771,230.0521698
2,7,1117.8396,453.33667,1329.0058594
2,8,1793.90271,411.66089,2764.4836426
2,9,807.39001,463.90137,686.977356
2,10,627.49023,627.49023,0.0
2,11,960.66309,279.88046,1361.5653076
2,12,299.56665,299.56665,0.0
2,13,1193.9585,299.03528,1789.8465576
2,14,419.14813,419.14813,0.0
2,15,561.78748,415.52094,292.5330811
2,16,450.48294,434.4491,32.0676613
2,17,595.88409,384.38528,422.9976501
2,18,558.73975,376.94098,363.5974731
2,19,574.31976,380.18152,388.2764587
2,20,470.05017,407.3233,125.4537125
2,21,7196.69238,240.95898,13911.4667969
2,22,34970.40625,186.50443,69567.8046875
2,23,747.77405,503.35059,488.8469543
2,24,757.59912,509.84802,495.5022583
2,25,431.73154,372.22873,119.0056076
2,26,266.89209,266.80316,0.1778677
2,27,449.07523,449.07523,0.0
2,28,790.56348,429.97968,721.1676025
2,29,293.29425,282.78564,21.0172272
2,30,1851.83215,416.41708,2870.8300781
2,31,95843.82812,432.1268,190823.40625
2,32,944.63135,346.95206,1195.3585205
2,33,1828.05444,362.81415,2930.4807129
2,34,366.42468,366.42468,0.0
2,35,2419.05103,499.58679,3838.9284668
2,36,545.03333,435.69183,218.6830444
2,37,33378.21875,267.79324,66220.8515625
2,38,1635.66187,400.30823,2470.7072754
2,39,2115.07715,286.59854,3656.9570312
2,40,835.80756,405.93817,859.7387695
2,41,5376.99316,376.00684,10001.9726562
2,42,2087.34375,366.47266,3441.7421875
2,43,1609.43262,369.59131,2479.6826172
2,44,33024.04297,346.56223,65354.9609375
2,45,5003.77148,406.6853,9194.1728516
2,46,8336.27246,473.93939,15724.6669922
2,47,535.65118,535.65118,0.0
2,48,676.54553,351.09702,650.8970337
2,49,1162.71216,362.89517,1599.6340332
2,50,510.98724,363.34338,295.2877197
2,51,8502.40527,432.60046,16139.609375
2,52,16589.29102,540.33789,32097.90625
2,53,9160.77637,267.62253,17786.3085938
2,54,368.6225,355.02417,27.1966629
2,55,362.81281,361.66577,2.2940784
2,56,4533.10645,471.80621,8122.6005859
2,57,390.93021,390.93021,0.0
2,58,399.28943,381.54883,35.4812126
2,59,20215.97461,461.78021,39508.390625
2,60,2083.41968,437.27383,3292.291748
2,61,13648.72461,455.47363,26386.5019531
2,62,6226.46045,378.88336,11695.1542969
2,63,2289.36206,365.31836,3848.0874023
2,64,1575.86719,409.20743,2333.3195801
2,65,1184.89404,384.17838,1601.4313965
2,66,2151.7793,532.77057,3238.0175781
2,67,7138.56152,428.77057,13419.5820312
2,68,498.0603,498.0603,0.0
2,69,407.6937,344.23477,126.9178238
2,70,434.22382,374.26202,119.9235764
2,71,2694.47241,430.2309,4528.4829102
2,72,435.83365,412.7215,46.2243118
2,73,393.45532,393.18945,0.5317383
2,74,1993.71313,432.759,3121.9082031
2,75,449.97357,445.38928,9.168601
2,76,251.35724,250.17007,2.3743217
2,77,408.00421,341.20447,133.5994873
2,78,2452.30469,440.20538,4024.1987305
2,79,251.12967,250.99405,0.2712469
2,80,16396.36523,440.23517,31912.2617188
2,81,500.51782,401.35287,198.3299103
2,82,670.15686,548.80951,242.6947174
2,83,409.07675,369.69928,78.7549286
2,84,581.83936,433.43213,296.8144836
2,85,904.93225,510.10037,789.6637573
2,86,302.11124,302.11124,0.0
2,87,13115.45215,462.51132,25305.8808594
2,88,556.20074,556.0838,0.2339006
2,89,48885.98828,456.08069,96859.8125
2,90,495.48865,398.42786,194.1215973
2,91,438.5845,436.28149,4.6059942
2,92,6347.3418,466.7438,11761.1962891
2,93,336.45642,314.31723,44.2783928
2,94,1462.68079,448.2764,2028.8088379
2,95,70305.85156,544.88635,139521.9375
2,96,461.58954,461.58954,0.0
2,97,496.41986,496.41986,0.0
2,98,505.47244,414.96887,181.0071259
2,99,414.50897,414.50897,0.0
2,100,554.71558,396.66754,316.0960999
2,101,10639.33984,292.51129,20693.65625
2,102,9976.75098,500.96268,18951.5761719
2,103,422.54675,404.996,35.1015015
2,104,443.62836,443.11395,1.0288209
2,105,55529.33594,352.34674,110353.9765625
2,106,647.90717,477.31335,341.1876526
2,107,398.01141,398.01141,0.0
2,108,386.63293,377.0405,19.1848984
2,109,386.43631,368.34137,36.1898804
2,110,566.41925,382.36319,368.1121521
2,111,3726.73389,434.13239,6585.203125
2,112,531.47266,403.64117,255.6629944
2,113,1908.17383,400.01721,3016.3132324
2,114,370.09668,370.09668,0.0
2,115,3684.95459,279.00549,6811.8984375
2,116,344.54401,344.54401,0.0
2,117,916.9726,447.79172,938.3617554
2,118,650.95325,351.40863,599.0892944
2,119,1126.104,436.54718,1379.1137695
2,120,1679.82739,515.2254,2329.2041016
2,121,532.97412,352.43686,361.074585
2,122,2566.06812,384.1308,4363.8745117
2,123,215.84715,167.306,97.0822983
2,124,11272.01953,514.24438,21515.5507812
2,125,371.82999,332.3822,78.8955536
2,126,517.40503,343.56531,347.6794739
2,127,2162.19287,415.42203,3493.541748
2,128,251.45801,239.87833,23.1593628
2,129,24162.58594,459.24902,47406.671875
2,130,1007.47009,372.7063,1269.5275879
2,131,1333.48462,377.63556,1911.6981201
2,132,3209.82275,398.69385,5622.2578125
2,133,10611.20801,357.82562,20506.765625
2,134,1974.1759,471.18106,3005.9897461
2,135,12609.24512,389.33221,24439.8261719
2,136,353.38544,353.38544,0.0
2,137,280.65637,262.5639,36.184948
2,138,762.95184,379.82629,766.2510986
2,139,511.26868,334.0257,354.4859314
2,140,11076.45312,385.09982,21382.7070312
2,141,7831.83203,534.49213,14594.6796875
2,142,7129.80859,445.11646,13369.3837891
2,143,1821.93921,460.00189,2723.8745117
2,144,4518.27588,448.25415,8140.043457
2,145,1811.29663,488.98071,2644.6318359
2,146,471.66876,450.67767,41.9821892
2,147,1540.56372,447.75864,2185.6101074
2,148,425.29611,425.29611,0.0
2,149,453.50476,453.50476,0.0
2,150,698.30078,437.32367,521.9541626
2,151,391.77454,353.35199,76.8451157
2,152,1405.55762,402.33887,2006.4376221
2,153,469.75455,464.23181,11.0454874
2,154,11036.26172,455.97824,21160.5664062
2,155,442.69516,438.66852,8.0533113
2,156,1015.92297,426.82544,1178.1950684
2,157,477.96249,446.75485,62.4152832
2,158,23463.23828,601.40295,45723.671875
2,159,3129.18628,498.36798,5261.6367188
2,160,458.75458,441.85645,33.7962532
2,161,855.29291,433.91229,842.7612305
2,162,9485.9082,451.5965,18068.6230469
2,163,573.27472,571.75977,3.0299094
2,164,880.41626,580.25488,600.3226929
2,165,1234.18384,567.51587,1333.3360596
2,166,1009.97925,385.85397,1248.2504883
2,167,963.8985,549.3844,829.0281982
2,168,1150.58813,470.03876,1361.0987549
2,169,698.03015,453.74075,488.5788269
2,170,565.76868,446.32727,238.882782
2,171,15426.55078,351.15442,30150.7929688
2,172,821.86847,355.24426,933.2484131
2,173,800.93829,464.62424,672.6281128
2,174,548.62354,446.16168,204.9237366
2,175,505.17911,500.04327,10.2716455
2,176,467.44473,467.44473,0.0
2,177,2135.71289,504.00946,3263.4067383
2,178,608.30286,455.08591,306.4338379
2,179,556.15125,438.58453,235.1334534
2,180,573.17627,394.17218,358.0082397
2,181,947.79651,472.63025,950.3325806
2,182,2559.50879,503.87097,4111.2753906
2,183,466.1369,441.061,50.1517868
2,184,5097.01953,362.49545,9469.0478516
2,185,5453.64209,517.3316,9872.6210938
2,186,1486.03772,481.2717,2009.5319824
2,187,439.7063,439.7063,0.0
2,188,428.25531,352.79062,150.9294128
2,189,6255.36914,517.01501,11476.7080078
2,190,477.45816,475.58899,3.7383199
2,191,49540.86719,332.74356,98416.25
2,192,11748.48438,599.90686,22297.1542969
2,193,479.3869,479.3869,0.0
2,194,462.26715,462.26715,0.0
2,195,1958.41357,564.82867,2787.1696777
2,196,649.68744,446.27078,406.8332825
2,197,7487.05225,531.02502,13912.0546875
2,198,1103.22534,460.72012,1285.010498
2,199,8572.91406,515.00555,16115.8173828
2,200,471.80685,465.20834,13.1970158
2,201,837.27722,417.17358,840.2072144
2,202,83476.35938,432.26062,166088.203125
2,203,5275.32617,531.96619,9486.7197266
2,204,456.33026,436.80627,39.0479507
2,205,4965.78467,483.32117,8964.9267578
2,206,502.98743,451.84515,102.2845383
2,207,23586.38281,522.86475,46127.0351562
2,208,551.59839,425.41187,252.3730011
2,209,533.9671,509.45966,49.0149117
2,210,497.96582,497.96582,0.0
2,211,781.54236,451.49109,660.102478
2,212,457.99411,457.99411,0.0
2,213,2316.72559,494.50824,3644.4348145
2,214,450.96887,432.74075,36.4562302
2,215,522.49115,451.23767,142.506958
2,216,3422.93896,495.75208,5854.3740234
2,217,3120.54248,515.0116,5211.0620117
2,218,3729.01416,562.17023,6333.6879883
2,219,9669.15234,627.8689,18082.5664062
2,220,545.24133,545.24133,0.0
2,221,2642.87476,476.23492,4333.2797852
2,222,440.82104,440.82104,0.0
2,223,1218.66626,482.99088,1471.3508301
2,224,976.49426,527.66943,897.6495972
2,225,500.82635,495.1297,11.3932896
2,226,4238.51416,544.99963,7387.0292969
2,227,546.4801,494.68713,103.5858917
2,228,889.66144,529.54108,720.2407227
2,229,509.22287,508.37042,1.7048875
2,230,14605.11719,421.211,28367.8125
2,231,506.41745,430.60797,151.6189423
2,232,579.76111,516.08881,127.3445892
2,233,404.05151,399.39117,9.3206873
2,234,437.01062,411.64368,50.7338753
2,235,827.98877,457.18063,741.6162109
2,236,490.27115,393.09848,194.3453522
2,237,1134.9856,580.09607,1109.7789307
2,238,604.18134,379.29712,449.7684021
2,239,468.25531,468.25531,0.0
2,240,809.0238,405.81854,806.4105225
2,241,1217.77808,425.84378,1583.8685303
2,242,440.46991,405.66754,69.6047287
2,243,500.04239,390.53391,219.0169678
2,244,1592.44519,461.6362,2261.6179199
2,245,5563.18506,499.11542,10128.1396484
2,246,749.73987,417.15674,665.1662598
2,247,4048.23096,494.42764,7107.6064453
2,248,1596.71973,561.64111,2070.1572266
2,249,225.18515,225.18515,0.0
2,250,10920.25977,482.77322,20874.9726562
2,251,482.95441,418.04102,129.8267822
2,252,374.99026,344.42474,61.1310616
2,253,2194.67236,523.32166,3342.701416
2,254,582.2995,425.99075,312.6174927
2,255,405.91422,386.07574,39.6769524
2,256,13014.05078,331.83002,25364.4414062
2,257,657.93518,449.24609,417.3782043
2,258,547.25317,431.62573,231.2549286
2,259,1018.26447,444.12695,1148.2750244
2,260,737.12097,448.13501,577.9719849
2,261,562.21124,420.8551,282.7122498
2,262,19868.4375,650.5481,38435.7773438
2,263,9726.00781,458.2323,18535.5507812
2,264,439.79117,438.53894,2.5044734
2,265,364.754,364.534,0.4400255
2,266,1357.29028,446.88556,1820.8093262
2,267,748.37671,555.90173,384.9499512
2,268,464.68488,378.42795,172.5138397
2,269,550.77362,423.54077,254.4657288
2,270,3354.83301,576.23236,5557.2011719
2,271,445.9093,423.40692,45.0047646
2,272,1437.78882,544.56104,1786.4556885
2,273,513.00378,414.93466,196.1382141
2,274,547.58179,442.23285,210.6978302
2,275,452.31628,452.31628,0.0
2,276,1185.1897,452.37872,1465.6218262
2,277,10401.90723,322.5658,20158.6835938
2,278,11696.25586,540.54395,22311.4238281
2,279,452.81601,451.69342,2.2451844
2,280,584.0127,444.08105,279.8632202
2,281,870.85883,655.74445,430.2287903
2,282,459.26035,432.8147,52.8912773
2,283,561.77924,430.6076,262.3432617
2,284,434.34113,426.44641,15.7894287
2,285,4779.97119,528.19714,8503.5478516
2,286,104459.44531,483.67911,207951.53125
2,287,870.86938,457.31403,827.1106567
2,288,12088.05859,605.2467,22965.6230469
2,289,2064.375,481.34155,3166.0668945
2,290,444.8891,444.8891,0.0
2,291,564.24933,459.2056,210.0874634
2,292,12940.42383,568.57281,24743.7011719
2,293,6251.30664,556.98077,11388.6513672
2,294,9382.62988,430.11646,17905.0273438
2,295,523.10095,391.22449,263.7529907
2,296,6611.84424,536.2915,12151.1054688
2,297,500.26569,500.26569,0.0
2,298,458.90128,442.36017,33.0822411
2,299,493.90366,485.78418,16.2389812
2,300,506.22031,454.01077,104.4190674
2,301,458.46271,457.87335,1.1787271
2,302,507.90912,507.90912,0.0
2,303,714.00256,499.05551,429.894043
2,304,462.8327,462.8327,0.0
2,305,612.33545,467.15271,290.365448
2,306,27774.41602,379.27228,54790.2890625
2,307,537.42792,466.27615,142.3035126
2,308,2874.86011,482.29541,4785.1293945
2,309,682.83569,466.6861,432.2991638
2,310,2205.15039,465.98065,3478.3393555
2,311,448.728,442.9725,11.5110073
2,312,575.29486,436.85773,276.8742371
2,313,992.78925,522.08478,941.4089355
2,314,2402.69287,494.50729,3816.3713379
2,315,910.06641,501.11554,817.9017944
2,316,2351.01953,500.52734,3700.9846191
2,317,555.12708,502.01419,106.2257233
2,318,652.97546,583.39703,139.1568909
2,319,14346.53418,582.05286,27528.9628906
2,320,2432.69067,514.81311,3835.755127
2,321,2344.08911,527.55743,3633.0632324
2,322,1942.94409,623.39551,2639.097168
2,323,4668.10059,567.81073,8200.5800781
2,324,553.7995,508.25305,91.092865
2,325,507.60684,507.60684,0.0
2,326,595.90503,513.55389,164.7022705
2,327,1090.46387,553.3952,1074.1374512
2,328,1013.87811,545.0647,937.6268311
2,329,494.14352,492.89157,2.503927
2,330,756.7771,546.35535,420.8434448
2,331,41510.19922,436.25964,82147.8828125
2,332,588.55951,557.95331,61.2124138
2,333,19110.38281,386.72626,37447.3125
2,334,753.38342,515.42395,475.9188843
2,335,543.11768,543.11768,0.0
2,336,634.073,566.55627,135.0335083
2,337,594.71216,538.98828,111.4477844
2,338,564.90167,498.28961,133.2241211
2,339,582.5177,534.92126,95.1928787
2,340,520.65063,487.18576,66.9297104
2,341,276.40018,272.51807,7.7642145
2,342,62822.40234,374.84265,124895.1171875
2,343,1147.67285,522.30206,1250.7416992
2,344,1280.73291,365.36761,1830.7305908
2,345,20292.72461,374.30005,39836.8476562
2,346,448.55484,447.04218,3.0253286
2,347,692.56348,556.65759,271.8117371
2,348,877.74304,515.41687,724.6522827
2,349,490.52606,484.73712,11.5778751
2,350,6915.92969,342.0943,13147.6708984
2,351,600.65112,475.71243,249.8773499
2,352,7752.95264,548.20001,14409.5048828
2,353,2521.20898,528.4577,3985.5026855
2,354,489.46906,489.46906,0.0
2,355,2150.48853,505.23026,3290.5163574
2,356,4940.28271,345.21939,9190.1269531
2,357,939.96631,464.49658,950.9393921
2,358,419.99408,419.99408,0.0
2,359,548.16315,548.16315,0.0
2,360,975.10193,659.74249,630.718811
2,361,469.38788,469.38788,0.0
2,362,458.07318,458.05112,0.044158
2,363,458.45627,457.82925,1.2540199
2,364,1803.66431,369.74619,2867.8361816
2,365,518.36755,452.8447,131.0457306
2,366,1198.32507,479.47873,1437.692627
2,367,734.98889,415.14093,639.6958618
2,368,1548.22644,449.98611,2196.4807129
2,369,897.60999,524.28009,746.65979
2,370,44626.08203,518.552,88215.0625
2,371,4808.8335,490.15616,8637.3544922
2,372,1643.61865,464.58652,2358.064209
2,373,398.88693,398.88693,0.0
2,374,3184.17017,334.08713,5700.1660156
2,375,462.99756,462.72055,0.5540285
2,376,606.05548,474.81989,262.4711914
2,377,15630.05078,327.67047,30604.7597656
2,378,16783.57812,532.07422,32503.0058594
2,379,850.33899,508.67026,683.3374634
2,380,11593.22852,518.92297,22148.6113281
2,381,575.04425,475.59769,198.8931427
2,382,693.17731,452.686,480.982605
2,383,655.64319,386.33392,538.6185303
2,384,536.28949,416.17645,240.2261047
2,385,689.55908,571.57208,235.9740295
2,386,658.63531,441.06424,435.1421204
2,387,1460.11938,441.48923,2037.2602539
2,388,448.40369,420.96411,54.8791809
2,389,13771.27637,322.18939,26898.1738281
2,390,735.00262,442.68896,584.6273193
2,391,432.56042,432.56042,0.0
2,392,412.78986,412.78986,0.0
2,393,554.71167,503.97345,101.4764633
2,394,4909.24463,522.89697,8772.6953125
2,395,428.83786,428.83786,0.0
2,396,510.5246,456.44525,108.1587067
2,397,1790.40503,582.19348,2416.4230957
2,398,3424.13281,441.97076,5964.3242188
2,399,483.11365,481.35397,3.5193257
2,400,501.89902,491.67407,20.449894
2,401,660.55914,461.03186,399.0545349
2,402,3706.37085,545.64117,6321.4594727
2,403,3767.77954,467.16333,6601.2324219
2,404,738.86877,465.46796,546.8015747
2,405,2952.67041,597.86798,4709.6049805
2,406,1145.78784,480.36658,1330.8425293
2,407,2722.2146,466.47778,4511.4736328
2,408,17754.55078,563.086,34382.9296875
2,409,831.17535,422.37811,817.5944824
2,410,452.60654,424.42084,56.3714066
2,411,522.40015,459.26584,126.2685928
2,412,599.29761,437.36172,323.8717651
2,413,1390.10364,490.44781,1799.3116455
2,414,1020.96594,487.52411,1066.883667
2,415,2128.7334,563.82202,3129.8225098
2,416,835.60303,514.93042,641.3451538
2,417,7311.02734,352.03735,13917.9804688
2,418,487.48044,452.5238,69.9132919
2,419,2095.88135,535.05383,3121.6550293
2,420,1060.18726,507.49548,1105.383667
2,421,2020.35254,483.46161,3073.7819824
2,422,529.93726,478.22687,103.4207993
2,423,2248.66284,610.92834,3275.4689941
2,424,696.23492,498.49475,395.4803467
2,425,4872.99512,350.18195,9045.6259766
2,426,690.52014,494.22266,392.5949402
2,427,1505.68103,495.44504,2020.4720459
2,428,497.91809,474.68372,46.4687653
2,429,798.19501,528.92883,538.5323486
2,430,812.2887,486.54886,651.4796143
2,431,481.33252,480.72772,1.2095706
2,432,9154.66602,366.9057,17575.5214844
2,433,498.65228,486.67484,23.9549103
2,434,1110.42395,515.31067,1190.2265625
2,435,20906.03711,221.81694,41368.4414062
2,436,3509.23828,550.82166,5916.8330078
2,437,482.91458,479.21375,7.4016423
2,438,493.37695,473.42551,39.9029121
2,439,450.22296,420.16837,60.1092148
2,440,1989.54053,522.65381,2933.7734375
2,441,3469.38354,529.58154,5879.6040039
2,442,1617.23254,510.96167,2212.541748
2,443,495.89383,495.89383,0.0
2,444,37373.21094,328.31012,74089.8046875
2,445,577.71124,470.4989,214.4246979
2,446,6455.05273,362.13049,12185.8447266
2,447,5244.29053,397.12335,9694.3339844
2,448,790.44604,478.42908,624.0338745
2,449,3019.48047,519.89075,4999.1791992
2,450,43058.64453,525.67462,85065.9375
2,451,7948.896,354.83829,15188.1152344
2,452,343.18936,331.62857,23.1215763
2,453,620.09412,494.38165,251.4249878
2,454,484.10739,484.10739,0.0
2,455,474.11652,452.97766,42.277729
2,456,17552.5332,566.68048,33971.7070312
2,457,493.77344,468.18686,51.1731834
2,458,613.24701,528.89404,168.7059326
2,459,2578.62134,495.69669,4165.8491211
2,460,1807.37292,534.96423,2544.8173828
2,461,476.68585,464.08139,25.2089443
2,462,475.05826,466.92206,16.2723904
2,463,970.9978,510.96481,920.065979
2,464,412.08853,387.17148,49.8341217
2,465,372.71695,354.04565,37.3425941
2,466,655.66089,404.07483,503.1721802
2,467,2993.84082,513.50427,4960.6733398
2,468,462.61685,462.60593,0.0218564
2,469,505.52673,470.04922,70.9549942
2,470,768.52039,455.93555,625.1696777
2,471,3111.39844,315.69907,5591.3989258
2,472,462.00085,462.00085,0.0
2,473,476.90314,476.90314,0.0
2,474,462.71631,452.47525,20.4821091
2,475,3633.98657,502.54449,6262.8842773
2,476,2155.74072,517.82446,3275.8322754
2,477,527.04773,441.2403,171.6148376
2,478,540.11139,540.11139,0.0
2,479,1418.96997,219.96365,2398.0126953
2,480,703.84509,433.66418,540.3617554
2,481,470.55582,468.79932,3.5130131
2,482,434.05161,430.84561,6.4119763
2,483,832.96265,468.67621,728.5728149
2,484,402.50858,401.37411,2.2689154
2,485,1835.36743,471.54315,2727.6486816
2,486,5091.17969,486.42151,9209.5166016
2,487,448.11334,448.11334,0.0
2,488,2006.09448,561.30115,2889.5866699
2,489,544.72308,475.76309,137.9199524
2,490,1831.2959,432.45187,2797.6879883
2,491,2028.46875,473.93463,3109.0683594
2,492,5787.57666,430.52997,10714.09375
2,493,652.70514,420.76212,463.8860168
2,494,11410.09668,454.39606,21911.4003906
2,495,553.12537,415.64246,274.9658508
2,496,1670.3031,455.59079,2429.4245605
2,497,446.25479,415.2196,62.0703621
2,498,420.49152,414.53485,11.913331
2,499,6034.87891,492.70837,11084.3408203
2,500,593.94464,378.80698,430.2753296
3,1,9677.8877,534.80371,18286.1679688
3,2,456.89041,448.5415,16.6978436
3,3,754.44897,445.04797,618.802002
3,4,831.58606,456.67542,749.8213501
3,5,1043.66772,515.61768,1056.1000977
3,6,845.4314,498.93289,692.9970703
3,7,421.88672,407.3363,29.1008034
3,8,891.53412,492.28815,798.4919434
3,9,571.32886,571.32886,0.0
3,10,4048.56982,559.73865,6977.6625977
3,11,740.91284,495.94659,489.9324951
3,12,488.70926,374.67603,228.0664825
3,13,396.48663,396.48663,0.0
3,14,511.129,485.58807,51.0818405
3,15,812.31897,474.01691,676.604187
3,16,1610.61584,570.84265,2079.5463867
3,17,475.29581,469.75534,11.080945
3,18,438.78061,377.81409,121.9330215
3,19,482.68542,482.68542,0.0
3,20,810.50275,511.21844,598.5686035
3,21,584.2406,515.1861,138.1090698
3,22,6535.86328,367.11694,12337.4921875
3,23,316.85083,316.85083,0.0
3,24,1285.04761,419.50781,1731.0797119
3,25,616.36414,342.29379,548.140625
3,26,602.08844,463.29419,277.588501
3,27,435.79193,435.79193,0.0
3,28,8508.57324,369.38409,16278.3779297
3,29,440.686,440.61188,0.1482704
3,30,1066.24731,432.44345,1267.607666
3,31,1301.87878,442.19901,1719.3596191
3,32,861.3045,444.39923,833.8105469
3,33,492.10126,440.17688,103.848732
3,34,490.2832,480.47842,19.6095295
3,35,527.98901,505.0137,45.9506569
3,36,31513.94727,517.96381,61991.96875
3,37,1468.823,546.71802,1844.2098389
3,38,985.83899,420.29764,1131.0826416
3,39,454.47678,439.37909,30.1953754
3,40,531.22571,444.27353,173.9043121
3,41,4006.60425,509.65836,6993.8916016
3,42,592.35364,248.32635,688.0546265
3,43,1701.0769,538.15509,2325.8435059
3,44,28171.96484,383.23749,55577.453125
3,45,3979.18115,411.48514,7135.3920898
3,46,490.83084,490.83084,0.0
3,47,1156.68311,399.3728,1514.6206055
3,48,4551.70898,283.8414,8535.7353516
3,49,460.29126,460.29126,0.0
3,50,4252.62305,557.76758,7389.7114258
3,51,40055.4375,541.10571,79028.6640625
3,52,849.89093,185.8454,1328.0910645
3,53,3990.82446,461.1817,7059.2856445
3,54,460.37305,460.04401,0.6580882
3,55,1551.20654,480.08173,2142.2495117
3,56,771.85083,447.43597,648.8297119
3,57,6491.01758,332.061,12317.9130859
3,58,9690.55273,578.61212,18223.8808594
3,59,677.17041,493.5918,367.157196
3,60,13211.76465,335.65009,25752.2285156
3,61,586.09924,399.92352,372.3514709
3,62,32973.25391,560.70947,64825.0859375
3,63,334.92288,288.7915,92.2627335
3,64,595.97821,500.32388,191.3086853
3,65,477.75253,477.75092,0.0032479
3,66,428.55231,428.55231,0.0
3,67,465.90497,443.47101,44.8679199
3,68,723.97815,472.0202,503.9159546
3,69,496.03052,448.91415,94.2327194
3,70,473.21848,473.21848,0.0
3,71,519.32355,428.25531,182.1365051
3,72,615.46387,425.45355,380.0206909
3,73,379.11377,379.11377,0.0
3,74,677.13403,451.48856,451.2908936
3,75,980.25464,530.46729,899.574707
3,76,503.31165,503.31165,0.0
3,77,4106.81592,520.18298,7173.265625
3,78,5323.47852,503.72995,9639.4970703
3,79,452.20996,441.17322,22.0734787
3,80,5521.15869,484.87021,10072.5771484
3,81,2299.62085,510.57458,3578.0925293
3,82,411.65787,411.0726,1.1705415
3,83,3668.26855,487.14581,6362.2456055
3,84,8825.00098,405.85172,16838.2988281
3,85,1136.78857,467.10315,1339.3708496
3,86,501.052,439.41574,123.2725067
3,87,519.33978,450.59427,137.4909821
3,88,7218.36182,482.65295,13471.4179688
3,89,2837.39355,518.63971,4637.5078125
3,90,1611.90637,499.83923,2224.1342773
3,91,446.87155,446.30524,1.1326576
3,92,489.54544,489.54544,0.0
3,93,557.43878,462.29919,190.2791595
3,94,345.12839,345.12839,0.0
3,95,11837.54004,544.14856,22586.7832031
3,96,3384.51855,492.90973,5783.2177734
3,97,834.77649,467.80994,733.9331665
3,98,12394.78027,548.61945,23692.3222656
3,99,484.86896,444.07391,81.5900955
3,100,53921.53516,347.19199,107148.6875
3,101,606.91052,606.91052,0.0
3,102,51784.07031,567.84583,102432.4453125
3,103,1381.8291,614.28656,1535.0852051
3,104,1141.00525,454.89474,1372.2209473
3,105,8815.48535,563.61609,16503.7382812
3,106,494.86545,453.51553,82.6998138
3,107,1509.75818,447.22751,2125.0612793
3,108,462.91116,462.91116,0.0
3,109,425.06342,418.03125,14.0643511
3,110,511.52585,500.66995,21.711813
3,111,481.41025,466.96246,28.8955879
3,112,1626.30017,538.69556,2175.2092285
3,113,7617.09424,499.34912,14235.4902344
3,114,2470.33936,527.24701,3886.1845703
3,115,3029.90381,491.33145,5077.1445312
3,116,522.3324,491.32324,62.0183487
3,117,478.59808,478.59808,0.0
3,118,40382.88672,457.30487,79851.1640625
3,119,620.4043,583.49518,73.818222
3,120,449.3768,448.04443,2.6647322
3,121,2304.88184,488.78595,3632.1918945
3,122,290.09821,290.09821,0.0
3,123,480.51498,453.41022,54.209507
3,124,1066.48804,466.11691,1200.7423096
3,125,477.3988,454.48004,45.8375092
3,126,482.31464,482.31464,0.0
3,127,871.98743,449.04175,845.8913574
3,128,737.58362,435.32379,604.5195923
3,129,560.22369,441.45575,237.5359192
3,130,484.00305,452.03973,63.9266167
3,131,2052.64014,346.72797,3411.8242188
3,132,707.91779,433.60693,548.6217041
3,133,436.54572,436.54572,0.0
3,134,3512.78638,318.69281,6388.1870117
3,135,451.02518,413.34637,75.3575897
3,136,51898.17188,340.59442,103115.15625
3,137,467.6326,422.91382,89.437561
3,138,410.57788,405.36432,10.4271479
3,139,2447.92554,461.13531,3973.5805664
3,140,9058.29199,445.59097,17225.4023438
3,141,430.19305,391.79431,76.7974548
3,142,400.00714,393.99112,12.0320511
3,143,10456.56543,296.60928,20319.9121094
3,144,4528.54199,447.62158,8161.840332
3,145,2104.0249,446.12509,3315.7995605
3,146,391.86926,377.97415,27.7902317
3,147,2618.45068,420.79724,4395.3066406
3,148,535.80017,399.12012,273.3601074
3,149,3982.12866,431.38483,7101.487793
3,150,22305.37695,327.06979,43956.6132812
3,151,1111.85962,458.47681,1306.7657471
3,152,384.77234,384.31195,0.9208
3,153,1516.36353,431.12177,2170.4836426
3,154,5617.79297,511.42358,10212.7382812
3,155,322.34012,322.34012,0.0
3,156,1014.43665,404.44855,1219.9761963
3,157,412.51184,412.51184,0.0
3,158,530.91559,388.03693,285.7573242
3,159,427.72745,427.72745,0.0
3,160,491.63284,424.06091,135.1438599
3,161,20794.80469,492.75104,40604.1054688
3,162,3465.52856,421.99164,6087.0737305
3,163,600.93756,409.30841,383.2582703
3,164,416.91187,378.49176,76.8401947
3,165,683.86053,448.19894,471.3231506
3,166,1259.81885,437.26025,1645.1171875
3,167,14664.29688,474.31235,28379.96875
3,168,23837.63672,495.06476,46685.1445312
3,169,18306.59375,328.02066,35957.1445312
3,170,1935.9718,503.17905,2865.5854492
3,171,3506.85693,443.94647,6125.8208008
3,172,4379.86084,496.66678,7766.3876953
3,173,1558.02258,453.70377,2208.6376953
3,174,456.2341,449.33698,13.7942305
3,175,6274.35547,292.71387,11963.2832031
3,176,5993.48633,476.48022,11034.0117188
3,177,33007.22656,498.9707,65016.5117188
3,178,486.20624,486.20624,0.0
3,179,1781.17749,447.24719,2667.8605957
3,180,2041.17981,491.61816,3099.123291
3,181,726.76068,386.46527,680.5908203
3,182,212.86435,212.86435,0.0
3,183,757.83215,481.00549,553.6532593
3,184,8155.80811,429.37518,15452.8662109
3,185,29458.58398,485.99371,57945.1796875
3,186,563.70746,440.45703,246.5009003
3,187,5768.92822,311.96277,10913.9306641
3,188,461.42007,449.07623,24.687706
3,189,5159.52344,485.45728,9348.1318359
3,190,511.81006,456.6123,110.3955231
3,191,818.61652,463.07977,711.0734863
3,192,2428.48584,528.68134,3799.6088867
3,193,1726.08301,485.44647,2481.2731934
3,194,1199.4375,468.95938,1460.9562988
3,195,597.85791,597.85791,0.0
3,196,1491.41919,473.86108,2035.1160889
3,197,505.77521,465.02167,81.5070877
3,198,6251.6543,563.8858,11375.5371094
3,199,914.26257,454.31274,919.8997192
3,200,401.05847,401.05847,0.0
3,201,854.23108,493.79037,720.8813477
3,202,497.1976,472.66205,49.0711288
3,203,557.64923,462.66379,189.9709015
3,204,474.2337,457.52112,33.4251938
3,205,2582.90649,491.22607,4183.3608398
3,206,489.97607,487.99591,3.9603155
3,207,351.63492,351.19034,0.8891466
3,208,7412.53467,586.78613,13651.4970703
3,209,439.79776,380.62994,118.3356476
3,210,462.19525,439.02686,46.3367615
3,211,1955.77588,503.13388,2905.2839355
3,212,541.09979,458.53442,165.1307068
3,213,603.82935,480.44403,246.7706604
3,214,4455.875,532.52618,7846.6977539
3,215,3451.45728,392.37973,6118.1552734
3,216,22006.32812,520.83167,42970.9921875
3,217,6885.16357,519.51172,12731.3037109
3,218,3465.12622,522.21265,5885.8271484
3,219,454.86261,454.86261,0.0
3,220,2272.41406,514.88599,3515.0561523
3,221,485.58725,463.47821,44.2181053
3,222,864.48645,462.36758,804.237793
3,223,2263.40381,545.41431,3435.979248
3,224,1239.95459,509.33783,1461.2333984
3,225,1033.81067,478.75085,1110.1196289
3,226,716.06226,488.72989,454.6647339
3,227,2166.90942,524.23859,3285.3417969
3,228,911.46649,488.96378,845.0054321
3,229,887.58435,481.98813,811.1924438
3,230,578.45081,531.15918,94.5832901
3,231,629.07312,484.54935,289.0475769
3,232,551.20837,498.62637,105.1639404
3,233,1609.79858,487.0159,2245.5654297
3,234,5101.75,564.29022,9074.9199219
3,235,650.513,486.21634,328.5932922
3,236,589.37476,488.7803,201.1888885
3,237,681.4599,472.55475,417.8103333
3,238,520.30524,519.00024,2.6099932
3,239,545.29523,507.8775,74.8354874
3,240,627.37134,525.23047,204.2817078
3,241,10715.63086,373.08289,20685.0957031
3,242,472.03055,468.82187,6.4173326
3,243,3584.14258,505.31006,6157.6650391
3,244,1286.7417,559.80341,1453.8764648
3,245,511.23105,499.27039,23.9213352
3,246,16770.90039,602.46802,32336.8652344
3,247,560.02899,514.19189,91.6741791
3,248,75614.24219,411.3472,150405.796875
3,249,740.55688,573.45264,334.2084351
3,250,612.086,503.59009,216.9918518
3,251,5103.84424,592.75916,9022.1699219
3,252,544.71619,528.49249,32.4473534
3,253,1313.97754,549.10681,1529.741333
3,254,723.37073,545.95868,354.8240662
3,255,531.03577,501.22159,59.6283455
3,256,1645.02246,533.66443,2222.7160645
3,257,502.29181,502.29181,0.0
3,258,642.98376,541.57751,202.812561
3,259,679.55774,511.96045,335.1946411
3,260,561.8103,510.71582,102.1889725
3,261,507.91229,504.78339,6.2578382
3,262,1158.41077,506.47174,1303.8780518
3,263,590.37292,590.37292,0.0
3,264,2197.84033,539.80396,3316.072998
3,265,1647.4585,533.23169,2228.4536133
3,266,10304.93848,409.82181,19790.2324219
3,267,736.43225,493.20013,486.4642944
3,268,540.05969,496.03671,88.0458984
3,269,3987.6897,552.3642,6870.6508789
3,270,419.75116,419.75116,0.0
3,271,6153.27832,580.42432,11145.7080078
3,272,673.72308,414.87634,517.6934814
3,273,504.3269,501.85748,4.9388576
3,274,388.33826,388.33826,0.0
3,275,1668.12817,514.91663,2306.4230957
3,276,620.95215,525.23987,191.4245148
3,277,901.85602,504.12329,795.4654541
3,278,1153.99817,498.19635,1311.6036377
3,279,69303.02344,393.75861,137818.53125
3,280,980.00989,498.05475,963.9102173
3,281,529.18365,464.20511,129.9571381
3,282,7539.41846,585.58508,13907.6669922
3,283,657.95374,479.93268,356.0421143
3,284,60309.18359,367.24564,119883.875
3,285,2174.37354,544.48193,3259.7834473
3,286,1063.9176,498.1077,1131.619751
3,287,5651.70605,385.29785,10532.8164062
3,288,575.23383,574.49817,1.4712867
3,289,905.73816,448.36401,914.74823
3,290,552.2157,552.2157,0.0
3,291,501.66379,496.4957,10.3362036
3,292,1645.3822,533.10938,2224.5456543
3,293,551.255,378.84872,344.8125
3,294,549.84595,549.84595,0.0
3,295,586.06287,539.27356,93.5786133
3,296,2235.59375,545.33954,3380.5085449
3,297,366.83023,366.83023,0.0
3,298,17850.09766,397.64313,34904.9101562
3,299,372.53522,364.44379,16.1828556
3,300,464.98642,464.98642,0.0
3,301,4021.68018,525.98303,6991.394043
3,302,949.15668,486.29364,925.7260742
3,303,742.89166,585.659,314.4653625
3,304,476.12149,472.30142,7.6401272
3,305,865.78802,456.66742,818.2412109
3,306,786.34656,422.02692,728.6392212
3,307,2065.95508,511.97314,3107.9638672
3,308,472.26666,460.27368,23.9859715
3,309,4488.06543,356.061,8264.0087891
3,310,487.15414,487.15414,0.0
3,311,256.95349,256.95349,0.0
3,312,484.97577,421.48767,126.9761734
3,313,2558.16943,464.57764,4187.1835938
3,314,439.78296,439.78296,0.0
3,315,825.75842,441.35706,768.8026733
3,316,1353.96387,521.26245,1665.4029541
3,317,464.47168,463.6181,1.7071424
3,318,18533.19531,402.57092,36261.25
3,319,394.06223,394.06223,0.0
3,320,1011.2771,502.33255,1017.8890991
3,321,729.29218,446.33691,565.9105225
3,322,1043.03564,455.1796,1175.7120361
3,323,2067.84424,427.39886,3280.890625
3,324,530.27386,530.27386,0.0
3,325,533.22382,425.98621,214.4752655
3,326,8596.62012,526.23431,16140.7724609
3,327,753.3457,425.18622,656.3190308
3,328,539.98578,539.98578,0.0
3,329,416.64819,416.64819,0.0
3,330,649.43384,425.89496,447.0778198
3,331,1306.45154,449.5112,1713.8807373
3,332,487.28812,485.26907,4.0380783
3,333,409.11398,406.68719,4.8535786
3,334,407.77682,407.77682,0.0
3,335,527.11945,527.11945,0.0
3,336,20568.00391,345.17233,40445.6640625
3,337,497.3786,368.46106,257.8351135
3,338,1327.81799,409.31625,1837.003418
3,339,3298.57715,470.09537,5656.9633789
3,340,4485.17383,443.24033,8083.8671875
3,341,770.62097,417.14185,706.958252
3,342,977.526,425.56213,1103.9277344
3,343,2197.28662,478.09393,3438.385498
3,344,1930.77686,465.57507,2930.4035645
3,345,536.77246,392.44818,288.6485596
3,346,2144.19043,455.45154,3377.4777832
3,347,732.341,419.46906,625.7438965
3,348,530.40497,411.32416,238.1615753
3,349,2324.01416,504.97119,3638.0856934
3,350,605.43127,413.228,384.4065247
3,351,15254.64062,419.95724,29669.3671875
3,352,308.33868,308.33868,0.0
3,353,4876.06738,448.44757,8855.2392578
3,354,6053.24805,320.3855,11465.7246094
3,355,2783.82251,438.57574,4690.4936523
3,356,421.55292,404.26874,34.5683632
3,357,6785.93848,523.57202,12524.7333984
3,358,635.01392,409.96402,450.0997925
3,359,418.78986,391.48615,54.6074371
3,360,870.61346,400.38495,940.4570312
3,361,536.42822,536.42822,0.0
3,362,539.94775,490.41608,99.0632935
3,363,495.86902,483.90128,23.9354801
3,364,443.34128,423.87659,38.9293785
3,365,19883.33398,342.69638,39081.2734375
3,366,774.38062,441.35822,666.0447998
3,367,526.04517,526.04517,0.0
3,368,456.58435,454.87344,3.4218009
3,369,12085.4209,561.25024,23048.3417969
3,370,1477.52283,596.22772,1762.59021
3,371,431.03046,431.03046,0.0
3,372,11416.92285,311.38391,22211.078125
3,373,430.63641,427.00507,7.2626925
3,374,475.47906,417.5256,115.9069138
3,375,598.47839,408.7338,379.4891357
3,376,630.33905,415.64117,429.3957825
3,377,16291.19238,574.30676,31433.7714844
3,378,6522.83398,556.35376,11932.9609375
3,379,13936.65039,539.56287,26794.1757812
3,380,9946.74707,499.26932,18894.9550781
3,381,407.86234,401.9874,11.7498856
3,382,619.11475,447.82867,342.5721741
3,383,10877.23926,305.51773,21143.4433594
3,384,1744.03284,422.6655,2642.7346191
3,385,31333.30664,496.67935,61673.2539062
3,386,435.00375,403.77838,62.4507484
3,387,404.03232,400.58801,6.8885865
3,388,730.78772,424.70859,612.1582642
3,389,1147.87561,452.61887,1390.5134277
3,390,282.2131,281.9935,0.4391957
3,391,808.94885,421.5134,774.8709106
3,392,437.93115,437.93115,0.0
3,393,593.32422,471.60242,243.4436188
3,394,2031.53186,451.62955,3159.8046875
3,395,8507.64746,505.85678,16003.5810547
3,396,2968.66357,476.28409,4984.7587891
3,397,350.17001,350.17001,0.0
3,398,3720.0542,475.76663,6488.5751953
3,399,571.61353,437.79575,267.6355286
3,400,774.12494,399.00803,750.2338257
3,401,400.63898,398.01385,5.2502518
3,402,605.24939,496.42676,217.6452484
3,403,2924.09277,540.76819,4766.6489258
3,404,447.76566,402.73532,90.0606689
3,405,515.8584,415.48941,200.7379913
3,406,17548.86719,452.6543,34192.4257812
3,407,648.07159,402.36685,491.4095154
3,408,687.47711,687.47711,0.0
3,409,43905.63672,495.19019,86820.890625
3,410,517.03302,493.47137,47.1232986
3,411,7750.22461,486.63177,14527.1855469
3,412,735.50757,498.34964,474.3158569
3,413,1340.11401,408.84637,1862.5352783
3,414,3283.6416,486.5202,5594.2426758
3,415,682.40137,433.53839,497.7258911
3,416,549.88721,383.89404,331.9863892
3,417,452.9155,452.9155,0.0
3,418,394.09546,394.09546,0.0
3,419,500.11124,493.3385,13.5454664
3,420,6646.20264,509.483,12273.4394531
3,421,13355.21094,352.70837,26005.0058594
3,422,3880.41187,443.51215,6873.7993164
3,423,33455.52734,372.47314,66166.109375
3,424,467.19122,466.40793,1.5665926
3,425,1760.02625,437.34744,2645.357666
3,426,378.68146,375.33792,6.6870952
3,427,622.09552,398.91785,446.3553772
3,428,441.06653,400.1445,81.8440781
3,429,4538.58447,589.13251,7898.9038086
3,430,827.49402,405.83331,843.3213501
3,431,400.03012,400.03012,0.0
3,432,23524.07422,523.67432,46000.8007812
3,433,5877.71143,511.66141,10732.0996094
3,434,639.1944,423.19287,432.0030823
3,435,598.30865,487.82846,220.9603882
3,436,6177.53076,432.92688,11489.2080078
3,437,729.96161,380.19525,699.5327148
3,438,4734.88623,484.12292,8501.5263672
3,439,3195.62793,464.67078,5461.9140625
3,440,1768.94263,353.53168,2830.8220215
3,441,2127.08374,451.78818,3350.5910645
3,442,449.19775,449.19775,0.0
3,443,6669.46387,478.77402,12381.3798828
3,444,8028.47754,370.06198,15316.8310547
3,445,549.85358,430.23401,239.2391205
3,446,2298.2251,451.33978,3693.7705078
3,447,338.02292,312.09,51.8658447
3,448,483.05762,483.05762,0.0
3,449,462.76703,427.21698,71.1001205
3,450,1311.54834,437.74048,1747.6157227
3,451,430.16608,420.28461,19.7629128
3,452,512.78607,421.25912,183.0538635
3,453,425.41501,421.87128,7.0874376
3,454,510.67041,425.54828,170.2442627
3,455,3350.99756,466.53748,5768.9199219
3,456,414.39465,414.39465,0.0
3,457,523.00085,478.82208,88.3575974
3,458,2885.98804,462.31152,4847.3530273
3,459,436.09726,436.06659,0.0613697
3,460,807.00641,464.3786,685.2556152
3,461,960.35193,482.95251,954.7988281
3,462,439.17697,439.17697,0.0
3,463,466.31091,428.61993,75.3819504
3,464,8655.16992,518.77045,16272.7998047
3,465,498.19083,498.19083,0.0
3,466,417.16196,413.59509,7.1337018
3,467,421.0878,417.61911,6.9373803
3,468,1503.4187,439.42233,2127.9926758
3,469,504.31952,421.88113,164.8768005
3,470,19605.14258,539.86182,38130.5625
3,471,987.39081,513.31421,948.1531982
3,472,8501.52344,494.57031,16013.9072266
3,473,493.96759,493.96759,0.0
3,474,1499.76196,428.70807,2142.107666
3,475,14624.8877,342.70099,28564.3730469
3,476,330.44684,328.21368,4.4662805
3,477,2353.35693,496.44214,3713.8295898
3,478,4534.35742,476.47131,8115.7719727
3,479,695.39771,436.27936,518.2366333
3,480,370.0159,369.68915,0.6535097
3,481,427.05353,426.72433,0.6584033
3,482,36582.53125,556.17773,72052.703125
3,483,443.3938,414.66418,57.4592133
3,484,81695.99219,427.61414,162536.75
3,485,512.86401,413.26459,199.1988068
3,486,711.52374,455.62332,511.8008118
3,487,571.02686,437.53583,266.9821167
3,488,436.95618,323.28699,227.3383789
3,489,4214.33789,560.58411,7307.5078125
3,490,8265.86816,525.64331,15480.4492188
3,491,563.22729,466.00946,194.4356079
3,492,472.76184,472.76184,0.0
3,493,447.53815,445.80212,3.4720404
3,494,641.57056,641.57056,0.0
3,495,477.99426,385.22552,185.5374756
3,496,2041.73242,529.82611,3023.8127441
3,497,783.52905,454.27402,658.5100708
3,498,2255.48682,500.72751,3509.5185547
3,499,644.63647,462.76407,363.744812
3,500,2586.49805,510.37299,4152.25
